[
    {
        "customer": "shisirdahal41@gmail.com",
        "pickup": "A",
        "drop": "B",
        "date": "2025-12-07 12:00",
        "driver": "Not Assigned",
        "status": "Pending",
        "id": "317c46a5-abf1-4276-80c2-c869cbd75f3d"
    },
    {
        "customer": "testuser@example.com",
        "pickup": "X",
        "drop": "Y",
        "date": "2025-12-07 15:00",
        "driver": "testdriver",
        "status": "Accepted",
        "id": "54f6de09-dec2-4d7f-a03e-4506a52e2f58"
    },
    {
        "id": "60ee0285-e266-4242-81d5-2320303e467e",
        "customer": "jack@gmail.com",
        "pickup": "takhel",
        "drop": "kupandol",
        "date": "2025-12-09 12:30",
        "driver": "shisir",
        "status": "Assigned"
    },
    {
        "id": "8d21446e-d3e3-42b7-b03b-1c43d486b59d",
        "customer": "jack@gmail.com",
        "pickup": "laghenkhel",
        "drop": "kupandol",
        "date": "2025-12-08 12:30",
        "driver": "Not Assigned",
        "status": "Pending"
    }
]