{
    "driver1": {
        "password": "123",
        "assigned": []
    },
    "ram": {
        "password": "ram123",
        "assigned": []
    },
    "shisir": {
        "password": "123",
        "assigned": [
            {
                "id": "60ee0285-e266-4242-81d5-2320303e467e",
                "customer": "jack@gmail.com",
                "pickup": "takhel",
                "drop": "kupandol",
                "date": "2025-12-09 12:30",
                "driver": "shisir",
                "status": "Assigned"
            },
            {
                "id": "60ee0285-e266-4242-81d5-2320303e467e",
                "customer": "jack@gmail.com",
                "pickup": "takhel",
                "drop": "kupandol",
                "date": "2025-12-09 12:30",
                "driver": "shisir",
                "status": "Assigned"
            }
        ]
    },
    "testdriver": {
        "password": "drv123",
        "assigned": [
            {
                "customer": "testuser@example.com",
                "pickup": "X",
                "drop": "Y",
                "date": "2025-12-07 15:00",
                "driver": "testdriver",
                "status": "Accepted"
            }
        ]
    }
}