{
    "shisirdahal41@gmail.com": {
        "password": "1shisir123",
        "bookings": [
            {
                "customer": "shisirdahal41@gmail.com",
                "pickup": "A",
                "drop": "B",
                "date": "2025-12-07 12:00",
                "driver": "Not Assigned",
                "status": "Pending"
            }
        ]
    },
    "shisirdahal1@gmail.com": {
        "password": "12345",
        "bookings": []
    },
    "tom1@gmail.com": {
        "password": "tom12",
        "bookings": []
    },
    "testuser@example.com": {
        "password": "pw123",
        "bookings": [
            {
                "customer": "testuser@example.com",
                "pickup": "X",
                "drop": "Y",
                "date": "2025-12-07 15:00",
                "driver": "Not Assigned",
                "status": "Pending"
            }
        ]
    },
    "shisir@gmail.com": {
        "password": "123",
        "bookings": []
    },
    "jack@gmail.com": {
        "password": "jack12",
        "bookings": [
            {
                "id": "60ee0285-e266-4242-81d5-2320303e467e",
                "customer": "jack@gmail.com",
                "pickup": "takhel",
                "drop": "kupandol",
                "date": "2025-12-09 12:30",
                "driver": "shisir",
                "status": "Assigned"
            },
            {
                "id": "8d21446e-d3e3-42b7-b03b-1c43d486b59d",
                "customer": "jack@gmail.com",
                "pickup": "laghenkhel",
                "drop": "kupandol",
                "date": "2025-12-08 12:30",
                "driver": "Not Assigned",
                "status": "Pending"
            }
        ]
    }
}